Entity,Code,Year,LifeExpectancy,HealthExpenditurePerCapita
Australia,AUS,1970,71.451,1068.553
Australia,AUS,1971,71.451,1068.553
Australia,AUS,1972,71.768,1098.255
Australia,AUS,1973,72.058,1154.268
Australia,AUS,1974,71.849,1281.742
Australia,AUS,1975,72.783,1443.364
Australia,AUS,1976,72.787,1482.962
Australia,AUS,1977,73.472,1543.461
Australia,AUS,1978,73.74,1550.516
Australia,AUS,1979,74.327,1551.811
Australia,AUS,1980,74.566,1576.812
Australia,AUS,1981,74.783,1631.727
Australia,AUS,1982,74.719,1630.671
Australia,AUS,1983,75.44,1679.606
Australia,AUS,1984,75.51,1715.433
Australia,AUS,1985,75.43,1761.864
Australia,AUS,1986,76.072,1822.529
Australia,AUS,1987,76.083,1859.7
Australia,AUS,1988,76.344,1932.778
Australia,AUS,1989,76.197,1976.082
Australia,AUS,1990,77.041,2011.106
Australia,AUS,1991,77.481,2058.53
Australia,AUS,1992,77.473,2119.374
Australia,AUS,1993,78.006,2174.836
Australia,AUS,1994,77.852,2256.867
Australia,AUS,1995,78.257,2335.504
Australia,AUS,1996,78.344,2442.051
Australia,AUS,1997,78.626,2527.816
Australia,AUS,1998,79.02,2662.501
Australia,AUS,1999,79.277,2787.023
Australia,AUS,2000,79.621,2918.623
Australia,AUS,2001,80.006,3040.318
Australia,AUS,2002,80.052,3181.737
Australia,AUS,2003,80.44,3333.785
Australia,AUS,2004,80.733,3549.301
Australia,AUS,2005,81.092,3613.865
Australia,AUS,2006,81.258,3750.505
Australia,AUS,2007,81.232,3896.638
Australia,AUS,2008,81.427,4051.114
Australia,AUS,2009,81.728,4136.754
Australia,AUS,2010,82.013,4268.681
Australia,AUS,2011,82.091,4407.115
Australia,AUS,2012,82.297,4404.788
Australia,AUS,2013,82.551,4451.152
Australia,AUS,2014,82.518,4941.936
Australia,AUS,2015,82.605,5072.794
Australia,AUS,2016,82.801,5228.105
Australia,AUS,2017,82.718,5331.259
Australia,AUS,2018,83.258,5442.379
Australia,AUS,2019,83.241,5458.392
Australia,AUS,2020,83.664,5855.181
Australia,AUS,2021,83.564,6229.427
Australia,AUS,2022,82.766,6025.396
Australia,AUS,2023,83.923,6075.151
China,CHN,1995,72.288,175.682
China,CHN,1996,72.288,175.682
China,CHN,1997,72.288,175.682
China,CHN,1998,72.288,175.682
China,CHN,1999,72.288,175.682
China,CHN,2000,72.288,175.682
China,CHN,2001,72.675,178.12
China,CHN,2002,73.034,198.976
China,CHN,2003,73.385,219.404
China,CHN,2004,73.727,233.084
China,CHN,2005,74.085,252.455
China,CHN,2006,74.404,266.934
China,CHN,2007,74.789,282.201
China,CHN,2008,74.833,324.482
China,CHN,2009,75.317,393.29
China,CHN,2010,75.668,417.713
China,CHN,2011,75.889,467.801
China,CHN,2012,76.2,531.196
China,CHN,2013,76.452,589.069
China,CHN,2014,76.714,635.87
China,CHN,2015,76.975,698.837
China,CHN,2016,77.214,744.775
China,CHN,2017,77.235,804.146
China,CHN,2018,77.709,871.683
China,CHN,2019,77.94,960.935
China,CHN,2020,78.019,1030.111
China,CHN,2021,78.117,1058.264
China,CHN,2022,78.202,1222.4
China,CHN,2023,77.953,1305.46
Germany,DEU,1970,70.678,1702.127
Germany,DEU,1971,70.912,1913.09
Germany,DEU,1972,71.148,2073.733
Germany,DEU,1973,71.362,2236.716
Germany,DEU,1974,71.678,2394.559
Germany,DEU,1975,71.516,2595.155
Germany,DEU,1976,71.979,2728.955
Germany,DEU,1977,72.59,2806.318
Germany,DEU,1978,72.57,2957.99
Germany,DEU,1979,72.918,2986.712
Germany,DEU,1980,73.088,3060.685
Germany,DEU,1981,73.331,3137.332
Germany,DEU,1982,73.628,3054.491
Germany,DEU,1983,73.918,3096.876
Germany,DEU,1984,74.38,3226.842
Germany,DEU,1985,74.492,3380.133
Germany,DEU,1986,74.695,3532.426
Germany,DEU,1987,75.107,3653.202
Germany,DEU,1988,75.281,3842.882
Germany,DEU,1989,75.467,3638.544
Germany,DEU,1990,75.341,3765.272
Germany,DEU,1991,75.341,3765.272
Germany,DEU,1992,76.004,3957.713
Germany,DEU,1993,76.08,3901.352
Germany,DEU,1994,76.38,4100.344
Germany,DEU,1995,76.552,4305.168
Germany,DEU,1996,76.783,4464.169
Germany,DEU,1997,77.218,4470.988
Germany,DEU,1998,77.576,4596.932
Germany,DEU,1999,77.798,4698.069
Germany,DEU,2000,78.056,4806.233
Germany,DEU,2001,78.402,4858.775
Germany,DEU,2002,78.475,4964.458
Germany,DEU,2003,78.536,5023.827
Germany,DEU,2004,79.119,4971.318
Germany,DEU,2005,79.254,5057.386
Germany,DEU,2006,79.586,5148.366
Germany,DEU,2007,79.731,5247.152
Germany,DEU,2008,79.816,5374.547
Germany,DEU,2009,79.915,5662.417
Germany,DEU,2010,80.081,5782.66
Germany,DEU,2011,80.355,5794.192
Germany,DEU,2012,80.502,5846.723
Germany,DEU,2013,80.454,5941.813
Germany,DEU,2014,80.906,6093.697
Germany,DEU,2015,80.566,6296.315
Germany,DEU,2016,80.837,6452.71
Germany,DEU,2017,80.937,6627.465
Germany,DEU,2018,80.875,6763.583
Germany,DEU,2019,81.189,6986.616
Germany,DEU,2020,81.004,7362.902
Germany,DEU,2021,81.106,7761.694
Germany,DEU,2022,80.58,7675.075
Germany,DEU,2023,81.378,7230.747
India,IND,1995,62.749,118.853
India,IND,1996,62.749,118.853
India,IND,1997,62.749,118.853
India,IND,1998,62.749,118.853
India,IND,1999,62.749,118.853
India,IND,2000,62.749,118.853
India,IND,2001,63.158,129.452
India,IND,2002,63.649,132.181
India,IND,2003,64.086,132.984
India,IND,2004,64.484,142.638
India,IND,2005,64.939,148.046
India,IND,2006,65.373,153.135
India,IND,2007,65.803,161.46
India,IND,2008,66.247,167.772
India,IND,2009,66.7,176.466
India,IND,2010,67.162,181.105
India,IND,2011,67.623,184.267
India,IND,2012,68.076,195.532
India,IND,2013,68.499,228.136
India,IND,2014,68.932,229.645
India,IND,2015,69.326,240.1
India,IND,2016,69.709,248.707
India,IND,2017,70.068,220.903
India,IND,2018,70.415,225.668
India,IND,2019,70.746,236.137
India,IND,2020,70.156,249.68
India,IND,2021,67.282,277.286
India,IND,2022,71.698,297.521
India,IND,2023,72.003,312.491
Ireland,IRL,1970,70.834,566.081
Ireland,IRL,1971,71.621,692.993
Ireland,IRL,1972,70.955,760.453
Ireland,IRL,1973,71.17,828.417
Ireland,IRL,1974,71.112,841.954
Ireland,IRL,1975,71.689,902.982
Ireland,IRL,1976,71.797,887.538
Ireland,IRL,1977,71.94,896.157
Ireland,IRL,1978,71.93,1021.017
Ireland,IRL,1979,72.179,1080.989
Ireland,IRL,1980,72.536,1175.508
Ireland,IRL,1981,72.888,1115.025
Ireland,IRL,1982,73.155,1109.218
Ireland,IRL,1983,73.178,1117.558
Ireland,IRL,1984,73.622,1122.493
Ireland,IRL,1985,73.561,1160.444
Ireland,IRL,1986,73.611,1160.729
Ireland,IRL,1987,74.407,1158.998
Ireland,IRL,1988,74.425,1158.898
Ireland,IRL,1989,74.451,1171.722
Ireland,IRL,1990,74.838,1203.156
Ireland,IRL,1991,75.027,1298.849
Ireland,IRL,1992,75.423,1383.954
Ireland,IRL,1993,75.289,1457.79
Ireland,IRL,1994,75.796,1496.951
Ireland,IRL,1995,75.474,1592.125
Ireland,IRL,1996,75.826,1632.804
Ireland,IRL,1997,75.977,1781.738
Ireland,IRL,1998,76.185,1895.107
Ireland,IRL,1999,76.089,2073.652
Ireland,IRL,2000,76.535,2410.422
Ireland,IRL,2001,77.1,2761.42
Ireland,IRL,2002,77.59,2993.323
Ireland,IRL,2003,78.1,3175.996
Ireland,IRL,2004,78.503,3361.118
Ireland,IRL,2005,78.909,3721.145
Ireland,IRL,2006,79.15,3758.61
Ireland,IRL,2007,79.563,3918.955
Ireland,IRL,2008,79.788,4177.278
Ireland,IRL,2009,80.095,4550.639
Ireland,IRL,2010,80.599,4560.176
Ireland,IRL,2011,80.727,4625.199
Ireland,IRL,2012,80.852,4638.322
Ireland,IRL,2013,81.065,4511.761
Ireland,IRL,2014,81.406,4492.459
Ireland,IRL,2015,81.533,4593.993
Ireland,IRL,2016,81.684,4738.539
Ireland,IRL,2017,82.103,4860.895
Ireland,IRL,2018,82.123,4992.323
Ireland,IRL,2019,82.411,5111.882
Ireland,IRL,2020,82.39,5585.105
Ireland,IRL,2021,81.861,5826.547
Ireland,IRL,2022,82.05,5756.511
Ireland,IRL,2023,82.412,5636.7
Italy,ITA,1983,76.532,2545.89
Italy,ITA,1984,76.532,2545.89
Italy,ITA,1985,76.532,2545.89
Italy,ITA,1986,76.532,2545.89
Italy,ITA,1987,76.532,2545.89
Italy,ITA,1988,76.532,2545.89
Italy,ITA,1989,76.927,2599.389
Italy,ITA,1990,76.994,2823.913
Italy,ITA,1991,76.99,2973.329
Italy,ITA,1992,77.365,2927.177
Italy,ITA,1993,77.653,2844.62
Italy,ITA,1994,77.873,2815.503
Italy,ITA,1995,78.125,2858.108
Italy,ITA,1996,78.438,2941.501
Italy,ITA,1997,78.735,3111.596
Italy,ITA,1998,78.807,3199.695
Italy,ITA,1999,79.205,3274.636
Italy,ITA,2000,79.607,3465.071
Italy,ITA,2001,79.885,3623.093
Italy,ITA,2002,80.112,3699.086
Italy,ITA,2003,80.191,3670.812
Italy,ITA,2004,81.017,3854.506
Italy,ITA,2005,81.02,3923.952
Italy,ITA,2006,81.414,3992.867
Italy,ITA,2007,81.5,3897.346
Italy,ITA,2008,81.645,3985.801
Italy,ITA,2009,81.762,4008.764
Italy,ITA,2010,82.132,3999.115
Italy,ITA,2011,82.228,3914.124
Italy,ITA,2012,82.252,3788.466
Italy,ITA,2013,82.652,3713.707
Italy,ITA,2014,82.901,3771.171
Italy,ITA,2015,82.521,3836.314
Italy,ITA,2016,83.046,3862.937
Italy,ITA,2017,82.726,3897.651
Italy,ITA,2018,83.184,3918.914
Italy,ITA,2019,83.342,3931.603
Italy,ITA,2020,82.181,4027.251
Italy,ITA,2021,82.865,4269.413
Italy,ITA,2022,82.052,4164.445
Italy,ITA,2023,83.716,4046.861
Japan,JPN,1970,72.007,890.595
Japan,JPN,1971,72.827,927.392
Japan,JPN,1972,73.258,1011.801
Japan,JPN,1973,73.422,1064.925
Japan,JPN,1974,73.849,1137.585
Japan,JPN,1975,74.357,1232.872
Japan,JPN,1976,74.761,1248.161
Japan,JPN,1977,75.326,1314.206
Japan,JPN,1978,75.657,1417.078
Japan,JPN,1979,76.167,1501.476
Japan,JPN,1980,76.141,1602.254
Japan,JPN,1981,76.563,1659.356
Japan,JPN,1982,77.072,1728.928
Japan,JPN,1983,77.107,1783.422
Japan,JPN,1984,77.507,1790.473
Japan,JPN,1985,77.799,1896.611
Japan,JPN,1986,78.212,1949.028
Japan,JPN,1987,78.631,2012.514
Japan,JPN,1988,78.545,2049.394
Japan,JPN,1989,78.98,2067.695
Japan,JPN,1990,78.993,2110.447
Japan,JPN,1991,79.262,2185.579
Japan,JPN,1992,79.303,2285.498
Japan,JPN,1993,79.446,2369.73
Japan,JPN,1994,79.837,2474.404
Japan,JPN,1995,79.684,2412.16
Japan,JPN,1996,80.363,2398.492
Japan,JPN,1997,80.584,2509.802
Japan,JPN,1998,80.649,2555.248
Japan,JPN,1999,80.613,2668.567
Japan,JPN,2000,81.179,2791.511
Japan,JPN,2001,81.51,2877.397
Japan,JPN,2002,81.795,2919.498
Japan,JPN,2003,81.854,2999.298
Japan,JPN,2004,82.127,3068.003
Japan,JPN,2005,82.007,3159.049
Japan,JPN,2006,82.37,3189.387
Japan,JPN,2007,82.549,3260.746
Japan,JPN,2008,82.633,3300.395
Japan,JPN,2009,82.97,3499.913
Japan,JPN,2010,82.916,3661.78
Japan,JPN,2011,82.671,4195.763
Japan,JPN,2012,83.168,4326.861
Japan,JPN,2013,83.402,4412.331
Japan,JPN,2014,83.643,4448.194
Japan,JPN,2015,83.883,4605.609
Japan,JPN,2016,84.057,4635.302
Japan,JPN,2017,84.189,4694.512
Japan,JPN,2018,84.289,4741.327
Japan,JPN,2019,84.418,4826.319
Japan,JPN,2020,84.67,4858.511
Japan,JPN,2021,84.55,5264.429
Japan,JPN,2022,84.054,5244.311
Japan,JPN,2023,84.712,4960.415
Norway,NOR,1970,74.07,852.719
Norway,NOR,1971,74.175,948.999
Norway,NOR,1972,74.349,1061.141
Norway,NOR,1973,74.44,1147.889
Norway,NOR,1974,74.763,1199.591
Norway,NOR,1975,74.817,1327.899
Norway,NOR,1976,75.048,1416.901
Norway,NOR,1977,75.398,1521.302
Norway,NOR,1978,75.426,1697.443
Norway,NOR,1979,75.415,1627.814
Norway,NOR,1980,75.673,1701.536
Norway,NOR,1981,75.882,1738.482
Norway,NOR,1982,76.019,1789.372
Norway,NOR,1983,76.079,1890.363
Norway,NOR,1984,76.247,1881.682
Norway,NOR,1985,75.933,1966.226
Norway,NOR,1986,76.253,2044.967
Norway,NOR,1987,76.102,2127.308
Norway,NOR,1988,76.271,2137.812
Norway,NOR,1989,76.543,2107.531
Norway,NOR,1990,76.586,2463.206
Norway,NOR,1991,77.038,2591.988
Norway,NOR,1992,77.246,2650.531
Norway,NOR,1993,77.221,2666.404
Norway,NOR,1994,77.773,2716.62
Norway,NOR,1995,77.797,2818.469
Norway,NOR,1996,78.233,2985.146
Norway,NOR,1997,78.238,3373.044
Norway,NOR,1998,78.408,3603.23
Norway,NOR,1999,78.386,3809.189
Norway,NOR,2000,78.692,3989.35
Norway,NOR,2001,78.896,4154.347
Norway,NOR,2002,78.96,4534.154
Norway,NOR,2003,79.529,4638.875
Norway,NOR,2004,79.965,4787.257
Norway,NOR,2005,80.169,4945.545
Norway,NOR,2006,80.44,5068.261
Norway,NOR,2007,80.502,5317.55
Norway,NOR,2008,80.677,5536.486
Norway,NOR,2009,80.865,5655.269
Norway,NOR,2010,81.039,5724.201
Norway,NOR,2011,81.245,5902.436
Norway,NOR,2012,81.446,6086.207
Norway,NOR,2013,81.668,6184.347
Norway,NOR,2014,82.087,6395.673
Norway,NOR,2015,82.273,6648.839
Norway,NOR,2016,82.415,6706.186
Norway,NOR,2017,82.624,6767.314
Norway,NOR,2018,82.76,6886.235
Norway,NOR,2019,82.955,7053.885
Norway,NOR,2020,83.195,7220.869
Norway,NOR,2021,83.166,7523.408
Norway,NOR,2022,82.631,7626.737
Norway,NOR,2023,83.308,7539.746
South Korea,KOR,1970,62.175,100.865
South Korea,KOR,1971,62.67,91.941
South Korea,KOR,1972,63.22,89.56
South Korea,KOR,1973,63.773,87.318
South Korea,KOR,1974,64.239,79.403
South Korea,KOR,1975,64.667,121.471
South Korea,KOR,1976,65.011,137.922
South Korea,KOR,1977,64.621,142.512
South Korea,KOR,1978,64.961,169.297
South Korea,KOR,1979,66.107,234.329
South Korea,KOR,1980,64.848,242.273
South Korea,KOR,1981,67.141,261.203
South Korea,KOR,1982,67.061,276.632
South Korea,KOR,1983,66.725,301.542
South Korea,KOR,1984,68.109,314.552
South Korea,KOR,1985,68.408,338.651
South Korea,KOR,1986,69.035,366.596
South Korea,KOR,1987,69.315,399.356
South Korea,KOR,1988,70.16,464.663
South Korea,KOR,1989,70.684,561.906
South Korea,KOR,1990,70.994,604.779
South Korea,KOR,1991,71.402,619.935
South Korea,KOR,1992,72.175,667.395
South Korea,KOR,1993,72.745,687.303
South Korea,KOR,1994,72.889,693.787
South Korea,KOR,1995,73.375,754.983
South Korea,KOR,1996,74.021,837.97
South Korea,KOR,1997,74.531,848.583
South Korea,KOR,1998,75.035,824.522
South Korea,KOR,1999,75.617,926.708
South Korea,KOR,2000,76.235,971.327
South Korea,KOR,2001,76.919,1114.389
South Korea,KOR,2002,77.23,1115.33
South Korea,KOR,2003,77.497,1304.625
South Korea,KOR,2004,77.957,1351.043
South Korea,KOR,2005,78.449,1456.282
South Korea,KOR,2006,79.035,1597.519
South Korea,KOR,2007,79.432,1692.438
South Korea,KOR,2008,79.996,1798.315
South Korea,KOR,2009,80.55,1972.492
South Korea,KOR,2010,80.717,2152.556
South Korea,KOR,2011,81.168,2203.788
South Korea,KOR,2012,81.308,2250.775
South Korea,KOR,2013,81.836,2354.91
South Korea,KOR,2014,82.364,2479.069
South Korea,KOR,2015,82.54,2683.729
South Korea,KOR,2016,82.92,2850.466
South Korea,KOR,2017,83.278,3008.663
South Korea,KOR,2018,83.34,3214.47
South Korea,KOR,2019,83.685,3478.146
South Korea,KOR,2020,83.675,3618.078
South Korea,KOR,2021,83.852,3957.977
South Korea,KOR,2022,82.727,4220.068
South Korea,KOR,2023,84.329,4043.774
Switzerland,CHE,1970,73.124,1918.838
Switzerland,CHE,1971,73.241,2118.084
Switzerland,CHE,1972,73.759,2198.714
Switzerland,CHE,1973,74.06,2263.434
Switzerland,CHE,1974,74.401,2371.597
Switzerland,CHE,1975,74.791,2518.79
Switzerland,CHE,1976,74.906,2597.701
Switzerland,CHE,1977,75.367,2644.284
Switzerland,CHE,1978,75.308,2738.425
Switzerland,CHE,1979,75.608,2775.124
Switzerland,CHE,1980,75.59,2855.556
Switzerland,CHE,1981,75.818,2913.632
Switzerland,CHE,1982,76.162,2960.504
Switzerland,CHE,1983,76.157,3100.699
Switzerland,CHE,1984,76.756,3099.433
Switzerland,CHE,1985,76.882,3421.118
Switzerland,CHE,1986,77.04,3602.705
Switzerland,CHE,1987,77.332,3749.425
Switzerland,CHE,1988,77.365,3897.227
Switzerland,CHE,1989,77.557,4056.396
Switzerland,CHE,1990,77.385,4109.291
Switzerland,CHE,1991,77.648,4342.093
Switzerland,CHE,1992,77.944,4405.777
Switzerland,CHE,1993,78.234,4400.614
Switzerland,CHE,1994,78.495,4542.17
Switzerland,CHE,1995,78.565,4421.847
Switzerland,CHE,1996,79.049,4578.958
Switzerland,CHE,1997,79.233,4632.994
Switzerland,CHE,1998,79.475,4804.494
Switzerland,CHE,1999,79.724,4905.998
Switzerland,CHE,2000,79.834,5034.5
Switzerland,CHE,2001,80.251,5277.762
Switzerland,CHE,2002,80.444,5472.736
Switzerland,CHE,2003,80.532,5573.406
Switzerland,CHE,2004,81.055,5712.372
Switzerland,CHE,2005,81.236,5733.32
Switzerland,CHE,2006,81.549,5687.852
Switzerland,CHE,2007,81.703,5797.595
Switzerland,CHE,2008,81.971,5926.419
Switzerland,CHE,2009,81.989,6133.179
Switzerland,CHE,2010,82.287,6165.375
Switzerland,CHE,2011,82.574,6298.444
Switzerland,CHE,2012,82.617,6502.477
Switzerland,CHE,2013,82.689,6728.825
Switzerland,CHE,2014,83.084,6818.011
Switzerland,CHE,2015,82.846,7052.876
Switzerland,CHE,2016,83.446,7229.328
Switzerland,CHE,2017,83.414,7295.414
Switzerland,CHE,2018,83.564,7284.877
Switzerland,CHE,2019,83.78,7481.35
Switzerland,CHE,2020,83.063,7621.094
Switzerland,CHE,2021,83.648,8026.259
Switzerland,CHE,2022,83.2,8015.091
Switzerland,CHE,2023,83.954,7918.612
Turkey,TUR,1970,59.513,182.265
Turkey,TUR,1971,59.513,182.265
Turkey,TUR,1972,59.513,182.265
Turkey,TUR,1973,59.513,182.265
Turkey,TUR,1974,59.513,182.265
Turkey,TUR,1975,59.513,182.265
Turkey,TUR,1976,60.014,162.06
Turkey,TUR,1977,60.846,213.838
Turkey,TUR,1978,61.614,228.283
Turkey,TUR,1979,62.161,224.435
Turkey,TUR,1980,62.739,215.336
Turkey,TUR,1981,63.194,251.446
Turkey,TUR,1982,63.74,208.951
Turkey,TUR,1983,64.269,221.694
Turkey,TUR,1984,64.81,219.73
Turkey,TUR,1985,65.344,162.543
Turkey,TUR,1986,65.87,219.59
Turkey,TUR,1987,66.379,220.832
Turkey,TUR,1988,66.902,256.344
Turkey,TUR,1989,67.365,263.708
Turkey,TUR,1990,67.835,298.663
Turkey,TUR,1991,68.287,332.247
Turkey,TUR,1992,68.603,336.904
Turkey,TUR,1993,69.018,354.368
Turkey,TUR,1994,69.402,316.34
Turkey,TUR,1995,69.734,302.988
Turkey,TUR,1996,70.245,393.455
Turkey,TUR,1997,70.668,443.343
Turkey,TUR,1998,71.144,493.695
Turkey,TUR,1999,70.752,610.704
Turkey,TUR,2000,71.931,658.035
Turkey,TUR,2001,72.271,672.312
Turkey,TUR,2002,72.605,736.904
Turkey,TUR,2003,72.906,754.507
Turkey,TUR,2004,73.223,813.664
Turkey,TUR,2005,73.51,853.973
Turkey,TUR,2006,73.804,945.264
Turkey,TUR,2007,74.129,993.208
Turkey,TUR,2008,74.38,996.374
Turkey,TUR,2009,74.679,997.805
Turkey,TUR,2010,74.964,981.343
Turkey,TUR,2011,74.823,994.298
Turkey,TUR,2012,75.552,982.84
Turkey,TUR,2013,76.171,1039.402
Turkey,TUR,2014,76.452,1061.834
Turkey,TUR,2015,76.539,1059.308
Turkey,TUR,2016,76.595,1138.28
Turkey,TUR,2017,77.037,1179.9
Turkey,TUR,2018,77.454,1213.491
Turkey,TUR,2019,77.737,1267.951
Turkey,TUR,2020,76.525,1382.389
Turkey,TUR,2021,75.722,1598.284
Turkey,TUR,2022,77.591,1480.239
Turkey,TUR,2023,77.156,1807.58
United Kingdom,GBR,1970,71.882,728.339
United Kingdom,GBR,1971,72.234,753.497
United Kingdom,GBR,1972,71.988,800.16
United Kingdom,GBR,1973,72.185,833.552
United Kingdom,GBR,1974,72.376,917.542
United Kingdom,GBR,1975,72.65,970.051
United Kingdom,GBR,1976,72.634,997.233
United Kingdom,GBR,1977,73.111,998.439
United Kingdom,GBR,1978,73.043,1045.828
United Kingdom,GBR,1979,73.161,1073.334
United Kingdom,GBR,1980,73.591,1144.327
United Kingdom,GBR,1981,73.916,1183.009
United Kingdom,GBR,1982,74.039,1157.322
United Kingdom,GBR,1983,74.293,1242.47
United Kingdom,GBR,1984,74.674,1242.012
United Kingdom,GBR,1985,74.536,1263.83
United Kingdom,GBR,1986,74.795,1301.344
United Kingdom,GBR,1987,75.147,1383.143
United Kingdom,GBR,1988,75.259,1443.517
United Kingdom,GBR,1989,75.397,1486.045
United Kingdom,GBR,1990,75.738,1504.95
United Kingdom,GBR,1991,75.911,1566.911
United Kingdom,GBR,1992,76.307,1683.873
United Kingdom,GBR,1993,76.16,1757.435
United Kingdom,GBR,1994,76.72,1830.11
United Kingdom,GBR,1995,76.614,1851.94
United Kingdom,GBR,1996,76.872,1899.344
United Kingdom,GBR,1997,77.139,2465.236
United Kingdom,GBR,1998,77.275,2569.976
United Kingdom,GBR,1999,77.373,2697.417
United Kingdom,GBR,2000,77.849,2836.511
United Kingdom,GBR,2001,78.121,3034.594
United Kingdom,GBR,2002,78.237,3268.904
United Kingdom,GBR,2003,78.33,3442.222
United Kingdom,GBR,2004,78.9,3633.495
United Kingdom,GBR,2005,79.106,3748.623
United Kingdom,GBR,2006,79.347,3854.856
United Kingdom,GBR,2007,79.534,4045.132
United Kingdom,GBR,2008,79.655,4083.33
United Kingdom,GBR,2009,80.156,4225.877
United Kingdom,GBR,2010,80.391,4303.629
United Kingdom,GBR,2011,80.796,4255.965
United Kingdom,GBR,2012,80.859,4373.923
United Kingdom,GBR,2013,80.923,4413.716
United Kingdom,GBR,2014,81.153,4528.541
United Kingdom,GBR,2015,80.919,4631.421
United Kingdom,GBR,2016,81.067,4691.439
United Kingdom,GBR,2017,81.164,4734.251
United Kingdom,GBR,2018,81.123,4805.53
United Kingdom,GBR,2019,81.443,4950.49
United Kingdom,GBR,2020,80.385,5408.519
United Kingdom,GBR,2021,80.708,5836.521
United Kingdom,GBR,2022,81.074,5453.319
United Kingdom,GBR,2023,81.302,5312.669
